{
  "timestamp": "20251004_215746",
  "test_accuracy": 0.9816250842886042,
  "cv_scores": [
    0.9843009166578864,
    0.9850384574860394,
    0.9858798735511064,
    0.9834562697576397,
    0.9831401475237092
  ],
  "cv_mean": 0.9843631329952762,
  "cv_std": 0.0010078224396790842,
  "classification_report": {
    "CANDIDATE": {
      "precision": 0.6978260869565217,
      "recall": 0.8106060606060606,
      "f1-score": 0.75,
      "support": 396.0
    },
    "CONFIRMED": {
      "precision": 1.0,
      "recall": 0.9984761904761905,
      "f1-score": 0.9992375142966069,
      "support": 10500.0
    },
    "FALSE POSITIVE": {
      "precision": 0.9141304347826087,
      "recall": 0.868801652892562,
      "f1-score": 0.8908898305084746,
      "support": 968.0
    },
    "accuracy": 0.9816250842886042,
    "macro avg": {
      "precision": 0.8706521739130434,
      "recall": 0.8926279679916043,
      "f1-score": 0.8800424482683605,
      "support": 11864.0
    },
    "weighted avg": {
      "precision": 0.9829077369609194,
      "recall": 0.9816250842886042,
      "f1-score": 0.982078157117884,
      "support": 11864.0
    }
  },
  "confusion_matrix": [
    [
      321,
      0,
      75
    ],
    [
      12,
      10484,
      4
    ],
    [
      127,
      0,
      841
    ]
  ],
  "config": {
    "data_path": "data/koi_with_relative_location.csv",
    "test_size": 0.2,
    "val_size": 0.1,
    "random_state": 42,
    "n_folds": 5,
    "output_dir": "model_outputs",
    "model_name": "xgboost_koi_disposition"
  }
}